cluster,n,example,ds_system,llm_system,ds_sev,llm_sev,conf,symptom_ok,diag_ok,symptom,diagnostic,reasoning
0,8,Loud squealnig from front brks when stopping,brakes,brakes,safety_critical,safety_critical,high,True,True,front brake squealing under braking,inspect front brake pads and rotors for wear,"Concern is loud squealing from the front brakes during stops, so it belongs to the brake system. Brake noise under braking can indicate pad/rotor wear or other brake issues affecting safe stopping, so safety_critical is appropriate. The symptom label is accurate and specific, and inspecting front pads and rotors for wear is an appropriate first diagnostic step."
1,8,heater not getting warm in cold weather,hvac,hvac,comfort,comfort,high,True,True,heater no heat,test heater operation and check coolant level (or heat pump on EV),"Concern is insufficient cabin heat in cold weather, an HVAC comfort issue. The symptom label is accurate. Diagnostic is appropriate and reasonably specific, including conventional coolant-heater checks and EV heat pump consideration."
2,7,"turn signal stays on after turning, doesn't cancel",electrical,electrical,drivability,safety_critical,high,True,True,turn signal cancel failure,inspect turn signal stalk and cancel mechanism,"The concern is an intermittent turn signal self-cancel failure after completing a turn, which is part of the lighting/steering-column electrical controls. A signal that remains on can mislead other road users, so it affects safe operation. The symptom label is accurate, and inspecting the turn signal stalk/cancel cam or cancel mechanism is an appropriate specific diagnostic direction."
3,7,Cust complain acceleration not as quick as when new but car is 3 years old...,drivetrain,drivetrain,comfort,drivability,high,True,True,perceived acceleration degradation,verify expected behavior; check battery health and motor performance against spec,"Concern is reduced acceleration/propulsion performance compared with when new. This falls under drivetrain/propulsion and affects normal vehicle use rather than immediate safe operation. The symptom label is accurate, and the diagnostic is appropriate: confirm whether performance is within spec and evaluate battery health and motor/output performance, especially for an EV."
4,7,"ride feels harsh on new car, customer thinks something is wrong",suspension,suspension,comfort,comfort,high,True,True,perceived harsh ride,verify expected ride quality for trim level; check tire pressures,"Concern is a harsh ride quality complaint on a new vehicle, most related to suspension/tires and primarily affecting comfort. The symptom label is accurate. The diagnostic is appropriate and specific: confirming normal ride characteristics for the trim and checking tire pressures are logical first steps."
5,4,"Engine misfires under load, code P0302",engine,engine,drivability,drivability,high,True,True,cylinder 2 misfire under load,"test cylinder 2 spark plug, coil, and injector","P0302 identifies a cylinder 2 misfire, and the concern occurs under load. This is an engine drivability issue. The symptom label is accurate and specific, and checking cylinder 2 spark plug, coil, and injector is an appropriate targeted diagnostic path."
6,5,AC blowing warm air on driver side only,hvac,hvac,comfort,comfort,high,True,True,AC warm air driver side,test dual-zone HVAC controls and check refrigerant level,"Driver-side-only warm A/C is an HVAC comfort concern, commonly related to dual-zone control/blend door issues or refrigerant charge imbalance. The symptom label matches, and the suggested diagnostic is appropriate for this complaint."
7,6,"AC charging slower than usual at home, takes twice as long",electrical,electrical,drivability,drivability,high,True,True,reduced AC charging rate,verify onboard charger output and check EVSE communication,"Slow home AC charging is an EV charging/electrical concern affecting normal vehicle use and availability, not immediate safe operation. The symptom accurately captures reduced AC charging rate, and checking onboard charger output plus EVSE communication is an appropriate specific diagnostic path."
8,7,"frunk wont open from app or button, cust locked out of front storage",body,body,drivability,comfort,high,True,True,frunk release inoperative,inspect frunk latch actuator and manual release cable,"Frunk not opening is a body/closure latch concern causing loss of access to storage, a convenience issue rather than safety or drivability. The symptom accurately captures the inoperative frunk release, and inspecting the latch actuator plus manual release cable is an appropriate specific diagnostic path."
9,5,"loud bang from rear when accelerating hard, only happened once but cust worried",drivetrain,drivetrain,safety_critical,drivability,high,True,False,single rear drivetrain impact noise,"inspect rear drive unit mounts, halfshafts, and inverter for damage","A loud rear bang under hard acceleration points to a rear drivetrain/load-shift issue such as a drive unit mount, axle/CV/halfshaft, or related subframe component. It affects normal operation but no direct safety loss is described. The symptom label is accurate. The diagnostic is partly on target with mounts and halfshafts, but inverter inspection is not a specific or likely diagnostic path for a mechanical impact bang."
10,3,car cabin smells like burnnig plastic when heater is on,hvac,hvac,safety_critical,safety_critical,high,True,True,burning smell from heater operation,"inspect HVAC components for overheating immediately, do not operate heater","Burning plastic odor only when the heater is on points to HVAC/heater/blower components or wiring overheating. This is a potential fire/smoke hazard, so it affects safe operation. The symptom label is accurate, and the diagnostic advice to inspect HVAC components for overheating and avoid heater use is appropriate."
11,8,brakes squeak in morning then go away after a few stops,brakes,brakes,comfort,comfort,high,True,True,intermittent morning brake squeak,inspect pads for glazing and surface rust on rotors,"Concern is brake noise only, occurring intermittently in the morning and disappearing after a few stops, which is typical of moisture/surface rust or pad condition. It does not indicate reduced braking ability, so severity is comfort. The symptom label is accurate and the diagnostic is appropriate and specific."
12,8,"Check engine light on, cust says car runs fine",engine,engine,drivability,drivability,high,True,True,check engine light on,scan engine module for fault codes,"The concern is an illuminated check engine light with no running symptoms. This is best classified under engine/powertrain and is not safety-critical since the vehicle reportedly runs fine, but it still affects normal use/serviceability. The symptom label is accurate, and scanning the engine control module for fault codes is the correct initial diagnostic."
13,5,"software update failed three times, customer can't use any infotainment features",other,electrical,drivability,comfort,high,True,True,OTA update failure,force OTA reset and check connectivity,"Concern is an infotainment/software/OTA issue, which falls under electrical. Loss of infotainment features affects convenience/pleasure rather than safe operation or basic drivability. The primary symptom accurately captures the repeated OTA/software update failure, and the suggested diagnostic is appropriate and specific enough by attempting an OTA reset and verifying connectivity."
14,5,alarm oges off randomly in the middle of the night,other,electrical,comfort,comfort,high,True,True,false alarm activation,review alarm logs and inspect sensors,"Random security alarm activation is an electrical/security-system concern. It is mainly a nuisance and does not affect safe operation or drivability. The symptom label matches, and checking alarm event logs plus inspecting alarm-related sensors/latches is an appropriate diagnostic approach."
15,6,Sunroof making grinding nosie when opening,body,body,comfort,comfort,high,True,True,sunroof grinding on operation,inspect sunroof tracks and motor,"Concern is a grinding noise from the sunroof during opening, which falls under body/roof mechanisms and affects convenience rather than safety. The symptom label accurately captures the issue, and inspecting sunroof tracks and motor is an appropriate specific diagnostic step."
16,6,"Car shakes at idle, gets worse w/ AC on, also fuel economy down",engine,engine,drivability,drivability,high,True,True,rough idle worsens with AC load,"scan engine codes, test motor mounts, check AC compressor load","Idle shake that worsens under AC load with reduced fuel economy points to an engine rough idle/misfire/load compensation issue, possibly mounts or AC load contribution. It affects normal operation but is not directly safety-critical. The symptom label is accurate and the diagnostic steps are relevant and specific enough."
17,6,Car bounces lot more than it used to,suspension,suspension,drivability,safety_critical,high,True,True,excessive suspension bounce,perform bounce test and inspect shock absorbers,"Excessive bouncing points to worn shocks/struts or related suspension damping issue. This can reduce tire contact, stability, and braking control, so it affects safe operation. The symptom and diagnostic are accurate and specific."
18,6,"car won't wake up from sleep, had to do ahrd reset",electrical,electrical,drivability,drivability,high,True,True,vehicle wake from sleep failure,check infotainment logs and gateway module behavior,"Concern is an electrical/software wake-from-sleep failure that can prevent normal vehicle use and requires a hard reset, but it is not described as creating an immediate operating safety hazard. The primary symptom matches well. Checking wake/sleep logs and gateway module behavior is an appropriate diagnostic path for this type of vehicle wake failure."
19,6,"car burning oil, has to add a quart between oil changes",engine,engine,drivability,drivability,high,True,True,elevated oil consumption,perform oil consumption test and inspect for leaks,"Concern is excessive engine oil consumption/burning oil requiring added oil between services. This affects normal vehicle use and potential engine reliability, not directly safe operation. The symptom label is accurate, and an oil consumption test plus leak inspection is an appropriate specific diagnostic path."
20,5,Veh pulls right under hard braking,brakes,brakes,safety_critical,safety_critical,high,True,True,brake pull to right,inspect caliper function both sides and check brake fluid contamination,Pulling to one side under hard braking is a brake-control issue that can affect safe stopping. The symptom label matches. Checking caliper operation side-to-side is an appropriate first diagnostic; fluid contamination is less specific but still relevant to brake system performance.
21,6,EV warning light came on & car limited to 30 mph,electrical,electrical,safety_critical,safety_critical,high,True,True,high voltage system fault with power reduction,scan BMS and drive unit for fault codes immediately,EV warning light with intermittent limp/power-limited mode to 30 mph indicates a high-voltage/EV propulsion electrical fault causing power reduction. The speed limitation can impair safe operation in traffic. Scanning BMS/drive unit modules for DTCs is an appropriate specific first diagnostic step.
22,6,"Owner says cust state regen braking inconsistent, sometimes strong sometimes nothing",drivetrain,brakes,drivability,safety_critical,high,True,True,inconsistent regen braking,"scan drive unit and BMS for fault codes, check regen settings","Concern is inconsistent regenerative braking, which affects expected vehicle deceleration and safe operation. Regen involves EV drive/BMS controls but the reported symptom is braking performance. The symptom label is accurate, and scanning drive unit/BMS plus checking regen settings is an appropriate targeted diagnostic."
23,7,knocking sound when turning wheel at low speed,suspension,suspension,drivability,safety_critical,high,True,True,knock under steering input low speed,"inspect outer CV joints (if FWD), tie rods, and strut mounts","Low-speed knocking while turning is most consistent with steering/suspension or front axle components; with no separate steering category, suspension is the best fit. Because possible tie rod/steering or suspension joint looseness can affect safe control, severity is safety_critical. The symptom label is accurate, and the diagnostic checks appropriate likely causes including CV joints, tie rods, and strut mounts."
24,5,"won't charge at home overnight, says charging interrupted. works fine at supercharger...",electrical,electrical,drivability,drivability,high,True,True,AC charging failure home only,diagnose onboard charger AC input and check home charging equipment,"Concern is EV AC charging interruption at home while DC fast charging works, pointing to the electrical charging system or home EVSE/supply. It affects normal vehicle use/charging availability but not immediate safe operation. The symptom label is accurate, and the diagnostic appropriately targets onboard AC charging input plus home charging equipment."
25,5,"car won't go past 65 mph even w/ pedal to floor, started yesterday",drivetrain,drivetrain,drivability,drivability,high,True,True,top speed limitation,scan drive unit and BMS for thermal derating or fault codes,"Vehicle cannot exceed 65 mph under full accelerator input, indicating propulsion/drive power limitation rather than comfort or cosmetic issue. It affects normal use but does not by itself indicate immediate unsafe operation. The symptom label is accurate and specific, and scanning drive unit/BMS for derating or related fault codes is an appropriate EV-focused diagnostic path."
26,6,ABS light came on yesterday and stayed on,brakes,brakes,safety_critical,safety_critical,high,True,True,ABS warning light on,scan ABS module for fault codes,"ABS warning light staying on indicates a brake/ABS system fault. Loss or impairment of ABS affects safe braking performance, so safety_critical is appropriate. The symptom label is accurate, and scanning the ABS module for fault codes is the correct specific diagnostic starting point."
27,6,"Wind noise from passenger side at hwy speed, only above 60 mph...",body,body,comfort,comfort,high,True,True,wind noise passenger side at speed,inspect door seals and check for misaligned panels,"Wind noise from the passenger side at highway speeds is typically a body sealing/aerodynamic issue such as door/window seals, weatherstripping, mirror trim, or panel alignment. It affects comfort/noise levels, not safety or drivability. The symptom label is accurate and specific, and inspecting door seals and panel alignment is an appropriate diagnostic starting point."
28,7,"car wont start, just clicks, jumpstart worked",electrical,electrical,drivability,drivability,high,True,True,no-start with click,load test 12V battery and test starter circuit (or DC-DC converter on EV),"No-start with clicking and successful jump start strongly indicates a weak/dead 12V battery or related starting/low-voltage circuit issue. This affects normal use but is not a safety-critical operating fault. The suggested diagnostic is appropriate and specific, including EV DC-DC converter consideration."
29,4,AC making clicking niose when turned on,hvac,hvac,comfort,comfort,high,True,True,AC clicking noise,inspect AC compressor and blend door actuators,"Concern is a clicking noise from the A/C when activated, which belongs to the HVAC system and affects comfort rather than safety or drivability. The symptom label matches, and checking the compressor and blend door actuators is an appropriate, specific diagnostic path for HVAC clicking noises."
30,6,Clunking noise over bumps from front,suspension,suspension,drivability,drivability,high,True,True,front suspension clunk over bumps,"inspect front struts, sway bar links, and control arm bushings","Concern is a front-end clunk when driving over bumps, which points to suspension components. It affects normal use/ride quality but does not by itself indicate loss of safe control. The symptom label is accurate, and inspecting struts, sway bar links, and control arm bushings is specific and appropriate."
31,6,"Car feels sluggish in eco mode but normal in sport, just bought used...",drivetrain,drivetrain,comfort,drivability,high,True,True,reduced acceleration in eco mode,verify normal eco mode behavior; customer education likely sufficient,"The concern is reduced propulsion/acceleration response tied to drive mode selection. Since sport mode is normal and eco mode commonly limits throttle response/power for efficiency, this is likely normal behavior rather than a fault, but it relates to drivability. The symptom and diagnostic are accurate and appropriately specific."
32,4,transmission slips bewteen gears,drivetrain,drivetrain,drivability,drivability,high,True,True,transmission slip,"inspect transmission fluid level and condition, scan for codes","Transmission slipping between gears is a drivetrain concern affecting normal operation. The symptom label is accurate, and checking transmission fluid condition/level plus scanning for codes is an appropriate initial diagnostic."
33,5,"Cust says per cusotmer, 12V battery keeps dying, replaced twice in 6 months",electrical,electrical,drivability,drivability,high,True,True,recurring 12V battery failure,investigate DC-DC converter operation and check for parasitic drain,"Recurring 12V battery discharge/failure is an electrical concern that can prevent normal vehicle use or cause no-start conditions, but it is not directly safety-critical while driving. The symptom accurately captures the repeated 12V battery issue, and checking DC-DC converter charging function plus parasitic draw is an appropriate, specific diagnostic path."
34,5,"Driver door won't latch propelry, have to slam it",body,body,drivability,safety_critical,high,True,True,driver door latch issue,inspect door latch mechanism and striker plate,"Driver door latching concern is a body/door hardware issue. A door that may not latch securely can open while driving, so it is safety-critical. The symptom and diagnostic correctly target the latch and striker alignment/mechanism."
35,7,Headlights not turning on with switch,electrical,electrical,safety_critical,safety_critical,high,True,True,headlight failure,"test headlight switch, fuses, and bulbs","Headlights failing to turn on is an electrical lighting issue and can make the vehicle unsafe to operate, especially at night. The symptom label is accurate, and checking the headlight switch, fuses, and bulbs is an appropriate specific diagnostic starting point."
36,5,"Cust reports grinding noise when braking, getting worse over the last week",brakes,brakes,safety_critical,safety_critical,high,True,True,grinding under braking,inspect brake pads for wear and rotor surface condition,"Grinding noise during braking that is worsening strongly indicates brake friction material/rotor damage and can affect stopping ability, making it safety critical. The symptom is accurate, and inspecting pad wear and rotor surface condition is an appropriate specific diagnostic."
37,6,"Per cusotmer, regen not working at all when battery is full",drivetrain,drivetrain,drivability,drivability,high,True,True,regen disabled at full charge,verify normal regen limiting behavior at high SOC; customer education may be sufficient,"Regenerative braking/energy recovery is part of EV propulsion behavior and is normally limited or disabled when the battery is at high/full state of charge because it cannot accept additional charge. Friction brakes remain available, so this is a drivability/behavior concern rather than safety-critical. The symptom and diagnostic correctly identify normal regen limiting and appropriate customer education."
38,4,"cust state CEL on, runs ok, no perf issue",engine,engine,drivability,drivability,high,True,True,"check engine light, no performance issue",scan engine module for codes,Concern is an illuminated check engine light with no reported performance issue. This points to an engine/powertrain control fault and warrants code scanning; it affects normal vehicle use/serviceability but is not immediately safety-critical.
39,6,EV showing reduced power message after fast charging session,drivetrain,electrical,drivability,drivability,high,True,True,post-DC-charge power reduction,check battery thermal state and BMS logs from charge session,"EV reduced power after fast charging points to high-voltage battery/BMS or charging-related thermal/limit condition. It affects normal vehicle performance, so drivability rather than safety-critical absent a no-drive or shutdown condition. The symptom and diagnostic are accurate and specific to post-DC fast charge power limiting."
40,5,Charging stops at 80% even though customer set it to 100,electrical,electrical,drivability,drivability,high,False,True,charge limit override,check charging schedule settings and verify BMS thermal limits,"EV charging/battery management issue affecting usable range, not immediate safety. The symptom label is ambiguous; it should state that charging is capped/stops at 80% despite a 100% setting, not 'charge limit override.' The diagnostic is reasonably relevant: verify charge/schedule settings and BMS-imposed limits, though it could also include app/in-vehicle charge limit profiles, location-based limits, software, and BMS faults."
41,5,rr sups clunk over bumps,suspension,suspension,drivability,drivability,high,True,True,right rear suspension clunk over bumps,"inspect right rear strut, sway bar end link, and bushings","Concern is an intermittent right-rear suspension clunk over bumps. This is a suspension issue affecting normal vehicle use/ride quality, but no stated loss of control or braking issue to make it safety-critical. The symptom label is accurate and specific, and inspecting the RR strut/shock area, sway bar end link, and bushings is an appropriate targeted diagnostic."
42,5,Loud whining noise from fornt wehn accelerating,drivetrain,drivetrain,drivability,drivability,medium,True,True,front drive unit whine under acceleration,inspect front drive unit and reduction gear,"A loud front whine during acceleration points to a drivetrain/front drive unit or reduction gear concern, especially on an EV. It affects normal use and may indicate component wear, but no direct safety loss is stated. The symptom and diagnostic are accurate and reasonably specific, though other front-end rotating components could also be considered."
43,6,"brake epdal feels different in last week, harder at first then soft. car is EV",brakes,brakes,safety_critical,safety_critical,high,True,True,inconsistent brake pedal feel,check brake booster operation and regen handoff behavior,"Concern is a changing brake pedal feel, hard initially then soft, which directly affects braking confidence and safe operation. The symptom label is accurate. Diagnostic is appropriate and specific for an EV, covering brake assist/booster function and regenerative-to-friction braking handoff behavior."
44,5,door panel coming loose on rear passenger side,body,body,cosmetic,comfort,high,True,True,rear door panel loose,reattach door panel clips,"Concern is an interior body/trim issue on the rear passenger door panel. It does not affect safe operation or drivability, but may cause looseness/rattles and inconvenience, so comfort is more appropriate than cosmetic. The symptom label is accurate, and reattaching/replacing door panel clips is a specific likely repair path."
45,7,"Vibration through pedal under braking from highway speed only, no noise",brakes,brakes,drivability,safety_critical,high,True,True,brake judder at highway speed,measure rotor runout and thickness variation; check for warped front rotors,"Pedal vibration/judder only during highway-speed braking points to a brake system issue, commonly rotor runout or thickness variation. Because it occurs under braking, it can affect safe vehicle operation. The symptom label is accurate and the diagnostic is specific and appropriate, especially checking front rotor condition."
46,5,"Tech notes: fan only works on highest setting, low spedes nothing",hvac,hvac,comfort,comfort,high,True,True,blower motor low speeds inoperative,replace blower motor resistor,"HVAC blower operates only on high speed while lower speeds are inoperative/intermittent. This is a comfort/convenience issue since airflow is still available on high. The symptom label matches, and a failed blower motor resistor/resistor connector is the typical specific cause for loss of lower blower speeds."
47,6,trunk won't open from key fob,body,body,comfort,comfort,high,True,True,trunk release from fob inoperative,test trunk release actuator and fob signal,"Concern is an inoperative/intermittent remote trunk release, a body/closure convenience feature. It does not affect safe operation or drivability. The symptom label matches, and checking both the trunk release actuator/latch circuit and key fob signal is an appropriate diagnostic starting point."
48,6,"rough idle when warm, fine when cold",engine,engine,drivability,drivability,high,True,True,rough idle when warm,scan engine codes and check fuel trims at operating temp,"Warm-only rough idle is an engine performance/idle quality concern affecting normal drivability. The symptom label captures the concern, and checking codes plus fuel trims at operating temperature is an appropriate, specific starting diagnostic for a warm rough idle."
49,6,driver sied window won't go up or down,electrical,body,comfort,comfort,high,True,True,driver window inoperative,test window motor and switch,"Driver power window intermittent/inoperative is a body/accessory concern affecting convenience rather than safe operation. The symptom label matches, and testing the window motor and switch is an appropriate specific diagnostic starting point, though wiring/regulator checks may also be needed."
50,5,"Note: customer reports humming noise that changes with speed but only sometimes, also occasional warning light",drivetrain,drivetrain,drivability,drivability,medium,True,True,intermittent speed-dependent hum with warning,attempt to capture noise during test drive and scan all modules for stored codes,"Intermittent hum that varies with vehicle speed points to a rotating driveline/wheel-end component; the unspecified warning light supports scanning modules. It affects normal use and warrants diagnosis, but the phrasing does not clearly establish an immediate safety-critical failure."
51,5,"AC blows cold for first 10 minutes then warm, then cold again, cycle repeats - not always...",hvac,hvac,comfort,comfort,high,True,True,cyclic AC cooling loss,monitor refrigerant pressures and check for evaporator icing,"The concern is intermittent/cyclic loss of A/C cooling, so it belongs to HVAC and primarily affects comfort rather than safety or drivability. The primary symptom accurately summarizes the repeated cold-warm-cold behavior. Monitoring refrigerant pressures and checking for evaporator icing are appropriate, specific diagnostic steps for this pattern."
52,6,"Customer says car drives itself slightly to the left, wants alignment",suspension,suspension,drivability,drivability,high,True,True,customer-reported left drift,verify with road test and perform alignment check,"Concern is a slight left pull/drift consistent with wheel alignment/steering geometry, best categorized under suspension. It affects normal driving/handling but is described as slight/intermittent, so drivability rather than safety-critical. The symptom and diagnostic are accurate and specific: road test to verify pull and alignment check are appropriate."
53,3,"tire pressure light on, customer already filled tires",other,electrical,comfort,safety_critical,high,True,True,TPMS warning persistent after fill,scan TPMS module and reset; check for sensor faults,"A TPMS light that remains on after tires are filled points to the tire pressure monitoring system, including sensors/module, which is an electrical monitoring system. Tire pressure warnings can affect safe operation due to tire/handling risk. The symptom is accurate and the diagnostic is appropriate: scan TPMS, attempt reset/relearn, and check sensor faults."
54,5,"water leaking into cabin from somewhere when it rains, driver footwell wet",body,body,drivability,comfort,high,True,True,water leak into cabin driver side,perform water test to locate leak source,"Rainwater intrusion into the cabin/driver footwell is a body sealing/weatherstrip/drain issue. It mainly affects comfort/convenience and possible interior dampness, not immediate safe operation. The symptom accurately captures a driver-side cabin water leak, and a water test is the appropriate specific diagnostic to locate the source."
55,5,Defrost not clearing windshield fast enough,hvac,hvac,drivability,safety_critical,high,True,True,slow windshield defrost,test defrost mode airflow and heater output,"Windshield defrost performance is an HVAC concern and can affect visibility, so it is safety-critical. The symptom label matches the complaint, and checking defrost airflow/mode operation and heater output is an appropriate specific diagnostic starting point."
56,4,Charge port door won't open from app or button,electrical,electrical,drivability,drivability,high,True,True,charge port door inoperative,test charge port door actuator and manual release,"A charge port door that will not open via app or button is an electrically actuated access/charging concern; on an EV it can prevent charging and normal use, but does not directly affect safe operation. The symptom is accurate, and checking the actuator plus manual release is an appropriate specific diagnostic path."
57,6,brakes work fine but customer says car takes longer to tsop than before,brakes,brakes,safety_critical,safety_critical,high,True,True,reduced braking effectiveness,"measure stopping distance, inspect pad material and rotor surface, check brake fluid moisture","Longer stopping distance indicates reduced braking performance, which directly affects safe operation. The symptom is accurate, and the diagnostic steps are relevant and specific: verifying stopping distance and checking pads, rotors, and brake fluid condition are appropriate first checks."
58,5,"pulls left under rbaking AND under acceleration, usspension noise over bumps too",suspension,suspension,safety_critical,safety_critical,high,True,False,multi-system steering pull with noise,perform full suspension and alignment inspection; assess primary contributor,"Pulling left under both braking and acceleration with suspension noise over bumps most strongly indicates a suspension/steering/alignment issue, though brakes or drivetrain could contribute. Because directional pull during braking/acceleration can affect vehicle control, severity is safety-critical. The symptom label captures the combined pull/noise concern, but the diagnostic is incomplete because it should also include brake, tire, steering, and drivetrain/mount checks, not only suspension and alignment."
59,7,Side mirror won't fold in with button,body,body,comfort,comfort,high,True,True,power mirror fold inoperative,test mirror fold motor and switch,"Power-fold side mirror not folding with the button is a body/accessory convenience concern, not a safety or drivability issue. The symptom label accurately captures the complaint, and testing the fold motor and switch is an appropriate specific diagnostic path, though wiring/module checks may also be needed if intermittent."
60,6,customer wants to know why mpg dropped,engine,engine,comfort,drivability,high,True,True,perceived fuel economy decrease,review driving conditions and inspect maintenance state,"Concern is reduced fuel economy/MPG, typically tied to engine/fuel-management or maintenance factors rather than a safety issue. It affects normal vehicle use/cost, so drivability fits. The symptom label accurately captures the complaint, and the diagnostic direction to review driving conditions and maintenance state is appropriate for an MPG-drop concern."
61,4,clunk when sihfting from drive to reverse,drivetrain,drivetrain,drivability,drivability,high,True,True,clunk on direction change,inspect motor mounts and drive unit play,"Intermittent clunk when shifting between drive and reverse points to drivetrain lash, mount movement, or drive unit/axle play. It affects normal operation but is not clearly a safety-critical failure. The symptom label is accurate, and the diagnostic is appropriate and specific enough for this concern."
62,6,"car pulls to the right on flat road, recent tire rotation",suspension,suspension,drivability,safety_critical,high,True,True,alignment pull right,perform 4-wheel alignment and verify tire pressures,"Vehicle pulling to one side on a flat road after tire rotation is most consistent with alignment, tire pressure, tire conicity, or suspension geometry issues. This affects directional control, so it is safety-critical. The symptom label is accurate and specific. Checking tire pressures and performing/verifying a 4-wheel alignment is an appropriate diagnostic starting point, though tire condition/conicity should also be considered if alignment is in spec."
63,5,Car shudedrs when accelerating from a stop,drivetrain,drivetrain,drivability,drivability,high,True,True,launch shudder,inspect drive unit and check for motor torque ripple,Shudder only when accelerating from a stop is a launch/low-speed drivetrain concern affecting normal drivability. The symptom label is specific and accurate. Inspecting the drive unit and checking for motor torque ripple is an appropriate EV-focused diagnostic for launch shudder.
64,7,Battery dies overnight if car sits more than a day,electrical,electrical,drivability,drivability,high,True,True,12V battery parasitic drain,perform parasitic draw test on 12V system,"Repeated overnight 12V battery discharge while parked points to an electrical parasitic draw or 12V battery/charging issue. This can prevent normal vehicle use, but the phrasing does not indicate an immediate safety hazard. The provided symptom and parasitic draw test on the 12V system are accurate and specific."
65,3,"Battery health showing 87% on 2 year old car, customer concerned",drivetrain,electrical,drivability,drivability,high,True,True,battery state of health concern,verify SoH measurement methodology and compare against expected degradation curve,"Concern is EV/high-voltage battery state of health degradation on a relatively new vehicle. This is an electrical system issue and may affect usable range/normal operation rather than safety. The symptom accurately captures the SoH concern, and the diagnostic appropriately calls for validating the measurement method and comparing against expected degradation."
66,5,"AC works but uses lot of range, cust wants to know if normal",hvac,hvac,comfort,comfort,high,True,True,perceived HVAC range impact,verify expected HVAC energy use; customer education,"Concern is that the AC functions but appears to consume significant EV range; this is HVAC-related and affects comfort/convenience rather than safety or core drivability. The symptom accurately captures perceived HVAC range impact, and the diagnostic of verifying normal HVAC energy consumption and educating the customer is appropriate and specific."
67,6,"Note: customer says regen feels weak lately, doesn't slow the car like it used to",drivetrain,brakes,drivability,drivability,high,True,True,weak regenerative braking,check regen calibration and battery state of charge limits,"Concern is reduced regenerative braking deceleration, so it belongs under braking behavior even though EV power electronics/battery limits may cause it. It affects normal driving/one-pedal decel but does not state loss of service brakes, so drivability rather than safety-critical. Symptom is accurate, and checking regen calibration plus battery state-of-charge limits is an appropriate specific diagnostic path."
68,5,"Frunk latched but hood feels loose when driving, wind noise increased",body,body,drivability,safety_critical,high,True,True,hood/frunk alignment issue,inspect frunk latch mechanism and hood alignment,"A latched frunk/hood that feels loose while driving can indicate latch/striker or alignment problems and creates a potential safety risk if the hood opens or shifts. The symptom label is accurate, and inspecting the frunk latch mechanism plus hood alignment is an appropriate diagnostic."
69,5,Cust says car randomly puts itself in park while driving at low speed,electrical,drivetrain,safety_critical,safety_critical,high,True,True,unintended park engagement,escalate to engineering; pull all gateway and shifter module logs,"Unexpected automatic shift into Park while driving, even at low speed, can abruptly stop or immobilize the vehicle and is a safety-critical gear/park-control concern. The symptom label is accurate, and pulling gateway/shifter module logs with engineering escalation is an appropriate specific diagnostic path for a possible shift-by-wire/control fault."
70,7,rear hatch struts wont hold it up anymore,body,body,comfort,comfort,high,True,True,rear hatch struts weak,replace rear hatch lift supports,"Rear hatch lift struts/supports are part of the body hatch mechanism. Weak struts not holding the hatch up affects convenience and cargo access, not vehicle operation under the dataset definitions. The symptom and diagnostic are accurate and specific."
71,3,"key fob stopped working, had to use phone app to unlcok...",electrical,electrical,comfort,comfort,high,True,True,key fob inoperative,replace key fob battery and re-pair if needed,"Remote key fob inoperative is an electrical/accessory concern. Since the vehicle can still be unlocked with the phone app and no driving or safety issue is described, severity is comfort. The symptom label matches, and checking/replacing the fob battery and re-pairing is an appropriate specific diagnostic starting point."
72,5,"Veh wont chg @ home, KO @ SC. LED flhs 3x",electrical,electrical,drivability,drivability,high,True,True,home AC charging failure with 3-flash code,interpret onboard charger fault code and check home EVSE,"Concern is an EV charging issue: vehicle will not charge at home on AC, while DC fast charging/Supercharging is OK, with a 3-flash LED indication. This is electrical and affects normal usability/range replenishment but is not inherently safety-critical. The symptom label is accurate and specific. The diagnostic direction is appropriate: check/interpret the relevant charging fault indication and inspect the home EVSE/circuit/AC charging path."
73,4,"Air suspension wont lift when starting from cold, takes 5 minutes",suspension,suspension,drivability,safety_critical,high,True,True,delayed air suspension lift cold start,scan air suspension module and check compressor function from cold,"Concern is a delayed air suspension ride-height lift on cold start, which is clearly a suspension issue and can affect safe ride height/handling if driven before lifting. The symptom label is accurate and specific. The diagnostic is appropriate: scanning the air suspension module and checking compressor operation from cold directly targets the reported condition."
74,8,parking brake won't release,brakes,brakes,drivability,safety_critical,high,True,True,parking brake stuck engaged,inspect parking brake actuator and cable,"The concern is the parking brake intermittently not releasing/staying engaged, which is a brake system fault that can prevent or make operation unsafe. The symptom label is accurate, and inspecting the parking brake actuator and cable is an appropriate specific diagnostic starting point."
75,5,"Brake pedal feels soft, goes lamost to the floor",brakes,brakes,safety_critical,safety_critical,high,True,True,soft brake pedal,bleed brakes and check master cylinder,"Soft brake pedal going nearly to the floor indicates a hydraulic braking issue that can severely reduce stopping ability. The symptom label is accurate, and bleeding the brakes plus checking the master cylinder are appropriate specific diagnostics, though leak inspection would also be expected."
76,5,paint chipping on front bumper,body,body,cosmetic,cosmetic,high,True,True,front bumper paint chip,document for cosmetic repair estimate,"Concern is chipped paint on the front bumper, which is an appearance-only body issue. The symptom label is accurate, and documenting the damage for a cosmetic repair estimate is an appropriate diagnostic/next step."
77,5,Steering wheel shakes at highway speeds,suspension,suspension,drivability,drivability,high,True,True,steering wheel shake at highway speed,balance wheels and inspect tires for cupping,"Highway-speed steering wheel vibration is typically related to wheel/tire balance, tire wear/cupping, alignment, or front-end suspension/steering components. It affects normal driving use but the phrasing does not indicate loss of steering or braking control. The symptom label is accurate, and balancing wheels plus inspecting tires for cupping is an appropriate, specific first diagnostic step."
78,4,"customer states grinding noise when turning right, technician unable to reproduce...",suspension,suspension,drivability,safety_critical,medium,True,False,intermittent grinding under right turn,extended test drive required; inspect right side CV joints and wheel bearing,"Concern is an intermittent grinding noise during right turns; that is accurately captured by the symptom. Turning-related grinding most likely involves wheel bearing/hub, steering/suspension, brake contact, or CV axle, and can affect safe operation if a bearing/CV/steering component is failing. The diagnostic is partly reasonable because an extended road test is needed and CV joints/wheel bearings should be inspected, but specifying only the right side is not justified by 'turning right' and may miss the loaded/opposite side or brake/steering sources."
79,7,"Infotainment screen is black, won't turn on",electrical,electrical,comfort,comfort,high,True,True,infotainment display inoperative,perform infotainment reset and check for software updates,"Infotainment screen failure is an electrical/infotainment concern affecting convenience rather than safe vehicle operation. The symptom label accurately captures an inoperative display. Resetting the infotainment system and checking software updates are appropriate first-line diagnostics, especially for intermittent black-screen complaints, though power/fuse checks may also be needed if reset/update do not resolve it."
80,7,F/L tire wear inside edge,suspension,suspension,drivability,drivability,high,True,True,front left inner tire wear,"perform alignment check, focus on front left camber and toe","Front-left inside-edge tire wear is most consistent with an alignment/suspension geometry issue. It affects normal vehicle use and tire life, with potential handling implications, but the phrasing does not indicate an immediate unsafe tire failure condition. The symptom and diagnostic are accurate and specific; checking alignment with focus on camber and toe is appropriate."
81,4,Loud pop sound under car when starting in cold weather,drivetrain,drivetrain,comfort,comfort,medium,True,True,cold start pop noise,"inspect drive unit mounts, suspension bushings, and brake components in cold","The concern is an intermittent loud pop from under the vehicle during cold starting/initial operation. A noise alone, with no loss of function or control, is best treated as a comfort issue. Drivetrain is the closest system because it may relate to torque reaction or mounts during startup/initial engagement, though the exact source is not certain. The primary symptom is accurate. The suggested diagnostic is reasonably specific and plausible for an underbody cold-start pop, covering drive unit mounts plus nearby suspension/brake sources."
82,2,"Note: battery percentage drops fast when its cold out, fine in warm weather",drivetrain,electrical,drivability,drivability,high,True,True,cold weather range reduction,verify expected cold weather range loss; check battery preconditioning behavior,"Concern is EV battery state-of-charge/range dropping rapidly in cold weather, which falls under the electrical/high-voltage battery system. It affects usable range/normal operation but not immediate safe control of the vehicle. The symptom and diagnostic are accurate and appropriately specific, including verification of expected cold-weather loss and preconditioning behavior."
83,6,"Whining noise from motor area at 30-50 mph, getting worse week over week",drivetrain,drivetrain,drivability,drivability,high,True,True,drive unit whine at moderate speed,inspect drive unit bearings and reduction gear,"Whining from the motor/drive unit area at 30-50 mph that is worsening suggests an EV drive unit, bearing, or reduction gear noise. It affects normal vehicle use but no direct safety issue is stated. The symptom is accurate and specific, and inspecting drive unit bearings and reduction gear is an appropriate diagnostic path."
84,6,dashboard warning lights all flashing at startup,electrical,electrical,drivability,drivability,medium,True,True,multiple warning lights on startup,scan all modules for fault codes,"Intermittent multiple dashboard warning lights at startup points to an electrical/instrument cluster/module communication or low-voltage issue. It affects normal vehicle use and confidence in operation, but no specific loss of braking/steering/propulsion is stated, so drivability rather than safety-critical. The symptom label matches, and scanning all modules for fault codes is an appropriate first diagnostic step."
85,6,"Heat pump not heating in cold weather, says heater fault on screen",hvac,hvac,comfort,comfort,high,True,True,heat pump failure in cold ambient,scan HVAC module for codes and check heat pump refrigerant pressures,"Concern is the HVAC heat pump not producing heat in cold weather with a heater fault message. No defrost/visibility issue is stated, so this is comfort rather than safety-critical. The symptom label is accurate, and scanning HVAC faults plus checking heat pump/refrigerant pressures is an appropriate specific diagnostic path."
86,7,"intermit loss of power steering assist, happens once or twice a week",electrical,suspension,safety_critical,safety_critical,high,True,True,intermittent EPS failure,scan EPS module for stored codes and inspect connector integrity,"Intermittent loss of power steering assist is a steering/chassis concern, best mapped to suspension in the available categories. Loss of assist can significantly affect safe control of the vehicle, so it is safety-critical. The primary symptom accurately captures intermittent EPS failure, and scanning the EPS module plus inspecting connector integrity is an appropriate, specific diagnostic starting point."
87,6,rear backup camera hsows blue screen,electrical,electrical,drivability,safety_critical,high,True,True,backup camera no image,test backup camera and check wiring harness,"Intermittent blue screen from rear backup camera indicates loss of camera video/image, an electrical/vision system fault. It affects rear visibility while reversing, so it is safety-related. The symptom label matches, and testing the camera plus checking the wiring harness is an appropriate initial diagnostic."
88,7,"Range dropped about 20% in the last month, charging the same amount of time",drivetrain,electrical,drivability,drivability,high,True,True,reduced range with consistent charging,perform battery capacity test and check for BMS calibration issues,"For an EV, a sudden ~20% range loss with unchanged charging time points to high-voltage battery/BMS or charging/energy-use issues, which falls under electrical. It affects normal usability/range but does not directly make the vehicle unsafe. The symptom label accurately captures the concern, and the diagnostic is appropriate and specific: battery capacity/state-of-health testing and BMS calibration evaluation are logical first checks."
89,1,trunk won't poen from eky fob,body,electrical,comfort,comfort,high,True,True,trunk release from fob inoperative,test trunk release actuator and fob signal,"Concern is an inoperative remote trunk release from the key fob, which is an electrical/body convenience feature. It does not affect safe operation or drivability. The symptom accurately describes the issue, and checking both the fob signal and trunk release actuator is appropriate and specific."
90,1,Headlihgts not turinng on w/ switch,electrical,electrical,safety_critical,safety_critical,high,True,True,headlight failure,"test headlight switch, fuses, and bulbs","Headlights not turning on is an exterior lighting electrical fault that can make the vehicle unsafe to operate in low-light conditions. The symptom is accurate, and checking the switch, fuses, and bulbs is an appropriate initial diagnostic path."
91,1,Observed: loud whiinng noise from frotn when accelerating,drivetrain,drivetrain,drivability,drivability,high,True,True,front drive unit whine under acceleration,inspect front drive unit and reduction gear,A loud whining from the front only during acceleration points to the front drive unit/reduction gear area on an EV. This affects normal operation/drive quality but is not inherently safety-critical from the phrasing.
